Page 1,,,,,,,,,,,,,,,,,,,,,,,,,,,,,,,,,,,,,,,,,,,,,,,,,,,,,,,,,,,,,,,,,,,,,
Account Name :(cid:9)LAXMI METAL SYNDICATE LLP Address (cid:9)(cid:9) :(cid:9) 01 OPP DASALADWADI,,,,,,,57,226.16 Account Statement from 1 Nov 2022 to 30 Nov 2022 Txn Date Value Description Ref No./Cheque Debit Credit Balance Date No. 1 Nov 2022 1 Nov 2022 BY TRANSFER-RTGS UTR TRANSFER 37,47,705.00 -7,62,9,521.16 NO: FROM HDFCR52022110156882756- 3199860044304 / MEWELECTRICALSLTD MEWELECTRICA LSLTD 2 Nov 2022 2 Nov 2022 CHQ TRANSFER-RTGS UTR 97272 LAXMI 36,0,047.20 -7,98,9,568.36 NO: METAL SBINR52022110212749807- SYNDICATE 97272 LAXMI METAL SYNDICATE 5 Nov 2022 5 Nov 2022 BY TRANSFER-RTGS UTR TRANSFER 4,2,437.00 -7,94,7,131.36 NO: FROM HDFCR52022110558037329- 3199856044300 / RAJFILTERSANDWIREMESH RAJFILTERSAND PVTLTD WIREMESHPVTL TD 7 Nov 2022 7 Nov 2022 BY TRANSFER-RTGS UTR TRANSFER 50,0,000.00 -7,44,7,131.36 NO: FROM FDRLR52022110733387286- 3199859044307 / GLOBAL COPPER PRIVATE GLOBAL LIMITED COPPER PRIVATE LIMITED 7 Nov 2022 7 Nov 2022 BY TRANSFER-RTGS UTR TRANSFER 46,16,283.00 -6,97,90,848.36 NO: FROM FDRLR52022110733387289- 3199859044307 / GLOBAL COPPER PRIVATE GLOBAL LIMITED COPPER PRIVATE LIMITED 7 Nov 2022 7 Nov 2022 CHQ TRANSFER-RTGS UTR 97273 LAXMI 1,0,0,047.2 -7,97,90,895.56 NO: METAL 0 SBINR52022110713684370- SYNDICATE 97273 LAXMI METAL SYNDICATE 9 Nov 2022 9 Nov 2022 BY TRANSFER-RTGS UTR TRANSFER 60,0,000.00 -7,37,90,895.56 NO: FROM UTIBR52022110900251539- 3199859044307 / LAXMI METAL SYNDICATE LAXMI METAL SYNDICATE,,,,,,,,,,,,,,,,,,,,,,,,,
Txn Date,Value Date,Description,Ref No./Cheque No.,Debit,Credit,Balance,,,,,,,,,,,,,,,,,,,,,,,,,,,,,,,,,,,,,,,,,,,,,,,,,,,,,,,,,,,,,,,
1-Nov-22,1-Nov-22,BY TRANSFER-RTGS UTR NO: HDFCR52022110156882756- MEWELECTRICALSLTD,TRANSFER FROM 3199860044304 / MEWELECTRICA LSLTD,,3747705,-76209521.16,,,,,,,,,,,,,,,,,,,,,,,,,,,,,,,,,,,,,,,,,,,,,,,,,,,,,,,,,,,,,,,
2-Nov-22,2-Nov-22,CHQ TRANSFER-RTGS UTR NO: SBINR52022110212749807- 97272 LAXMI METAL SYNDICATE,97272 LAXMI METAL SYNDICATE,3600047.2,,-79809568.36,,,,,,,,,,,,,,,,,,,,,,,,,,,,,,,,,,,,,,,,,,,,,,,,,,,,,,,,,,,,,,,
5-Nov-22,5-Nov-22,BY TRANSFER-RTGS UTR NO: HDFCR52022110558037329- RAJFILTERSANDWIREMESH PVTLTD,TRANSFER FROM 3199856044300 / RAJFILTERSAND WIREMESHPVTL TD,,402437,-79407131.36,,,,,,,,,,,,,,,,,,,,,,,,,,,,,,,,,,,,,,,,,,,,,,,,,,,,,,,,,,,,,,,
7-Nov-22,7-Nov-22,BY TRANSFER-RTGS UTR NO: FDRLR52022110733387286- GLOBAL COPPER PRIVATE LIMITED,TRANSFER FROM 3199859044307 / GLOBAL COPPER PRIVATE LIMITED,,5000000,-74407131.36,,,,,,,,,,,,,,,,,,,,,,,,,,,,,,,,,,,,,,,,,,,,,,,,,,,,,,,,,,,,,,,
7-Nov-22,7-Nov-22,BY TRANSFER-RTGS UTR NO: FDRLR52022110733387289- GLOBAL COPPER PRIVATE LIMITED,TRANSFER FROM 3199859044307 / GLOBAL COPPER PRIVATE LIMITED,,4616283,-69790848.36,,,,,,,,,,,,,,,,,,,,,,,,,,,,,,,,,,,,,,,,,,,,,,,,,,,,,,,,,,,,,,,
7-Nov-22,7-Nov-22,CHQ TRANSFER-RTGS UTR NO: SBINR52022110713684370- 97273 LAXMI METAL SYNDICATE,97273 LAXMI METAL SYNDICATE,10000047.2 0,,-79790895.56,,,,,,,,,,,,,,,,,,,,,,,,,,,,,,,,,,,,,,,,,,,,,,,,,,,,,,,,,,,,,,,
9-Nov-22,9-Nov-22,BY TRANSFER-RTGS UTR NO: UTIBR52022110900251539- LAXMI METAL SYNDICATE,TRANSFER FROM 3199859044307 / LAXMI METAL SYNDICATE,,6000000,-73790895.56,,,,,,,,,,,,,,,,,,,,,,,,,,,,,,,,,,,,,,,,,,,,,,,,,,,,,,,,,,,,,,,
,,,,,,,,,,,,,,,,,,,,,,,,,,,,,,,,,,,,,,,,,,,,,,,,,,,,,,,,,,,,,,,,,,,,,
,,,,,,,,,,,,,,,,,,,,,,,,,,,,,,,,,,,,,,,,,,,,,,,,,,,,,,,,,,,,,,,,,,,,,
Page 2,,,,,,,,,,,,,,,,,,,,,,,,,,,,,,,,,,,,,,,,,,,,,,,,,,,,,,,,,,,,,,,,,,,,,
Txn Date Value Description Ref No./Cheque Debit Credit Balance Date No. 9 Nov 2022 9 Nov 2022 CHQ TRANSFER-RTGS UTR 97274 K B 60,,,,,,,91,060.76 FOR CERSAI CHARGES- 3199841637513 10 Nov 10 Nov BY TRANSFER-RTGS UTR TRANSFER 16,28,099.00 -7,81,62,961.76 2022 2022 NO: FROM FDRLR52022111033393660- 3199856044300 / GLOBAL COPPER PRIVATE GLOBAL LIMITED COPPER PRIVATE LIMITED 10 Nov 10 Nov BY TRANSFER-RTGS UTR TRANSFER 50,0,000.00 -7,31,62,961.76 2022 2022 NO: FROM FDRLR52022111033393640- 3199860044304 / GLOBAL COPPER PRIVATE GLOBAL LIMITED COPPER PRIVATE LIMITED 10 Nov 10 Nov BY TRANSFER-RTGS UTR TRANSFER 50,0,000.00 -6,81,62,961.76 2022 2022 NO: FROM FDRLR52022111033393658- 3199856044300 / GLOBAL COPPER PRIVATE GLOBAL LIMITED COPPER PRIVATE LIMITED 10 Nov 10 Nov CHQ TRANSFER-RTGS UTR 97275 RADHIKA 1,15,0,047.2 -7,96,63,008.96 2022 2022 NO: CORE 0 SBINR52022111014287292- PROCESSING 97275 RADHIKA CORE PROCESSING 10 Nov 10 Nov BY TRANSFER- TRANSFER 29,97,000.00 -7,66,66,008.96 2022 2022 NEFT*HDFC0000240*N314222 FROM 201203439*MEW 3199966044306 ELECTRICALS- 11 Nov 11 Nov BY TRANSFER-RTGS UTR TRANSFER 47,0,608.00 -7,19,65,400.96 2022 2022 NO: FROM HDFCR52022111159435771- 3199859044307 / MEWELECTRICALSLTD MEWELECTRICA LSLTD 11 Nov 11 Nov CHQ TRANSFER-RTGS UTR 97276 LAXMI 75,0,047.20 -7,94,65,448.16 2022 2022 NO: METAL SBINR52022111114549517- SYNDICATE 97276 LAXMI METAL SYNDICATE 14 Nov 14 Nov BY TRANSFER-RTGS UTR TRANSFER 20,0,000.00 -7,74,65,448.16 2022 2022 NO: FROM FDRLR52022111433398823- 3199860044304 / GLOBAL COPPER PRIVATE GLOBAL LIMITED COPPER PRIVATE LIMITED 14 Nov 14 Nov CHQ TRANSFER-RTGS UTR 97277 LAXMI 20,0,047.20 -7,94,65,495.36 2022 2022 NO: METAL SBINR52022111414826607- SYNDICATE 97277 LAXMI METAL SYNDICATE 15 Nov 15 Nov BY TRANSFER-RTGS UTR TRANSFER 50,0,000.00 -7,44,65,495.36 2022 2022 NO: FROM FDRLR52022111533312190- 3199859044307 / GLOBAL COPPER PRIVATE GLOBAL LIMITED COPPER PRIVATE LIMITED 15 Nov 15 Nov BY TRANSFER-RTGS UTR TRANSFER 30,0,000.00 -7,14,65,495.36 2022 2022 NO: FROM FDRLR52022111533312215- 3199856044300 / GLOBAL COPPER PRIVATE GLOBAL LIMITED COPPER PRIVATE LIMITED 15 Nov 15 Nov CHQ TRANSFER-RTGS UTR 97278 K B 50,0,047.20 -7,64,65,542.56 2022 2022 NO: UDHYOG LLP SBINR52022111515084159- 97278 K B UDHYOG LLP
Txn Date,Value Date,Description,Ref No./Cheque No.,Debit,Credit,Balance,,,,,,,,,,,,,,,,,,,,,,,,,,,,,,,,,,,,,,,,,,,,,,,,,,,,,,,,,,,,,,,
9-Nov-22,9-Nov-22,CHQ TRANSFER-RTGS UTR NO: SBINR52022110914042363- 97274 K B UDHYOG LLP,97274 K B UDHYOG LLP,6000047.2,,-79790942.76,,,,,,,,,,,,,,,,,,,,,,,,,,,,,,,,,,,,,,,,,,,,,,,,,,,,,,,,,,,,,,,
9-Nov-22,9-Nov-22,TO TRANSFER-RECOVERIES FOR CERSAI CHARGES-,TRANSFER TO 3199841637513,118,,-79791060.76,,,,,,,,,,,,,,,,,,,,,,,,,,,,,,,,,,,,,,,,,,,,,,,,,,,,,,,,,,,,,,,
10-Nov-22,10-Nov-22,BY TRANSFER-RTGS UTR NO: FDRLR52022111033393660- GLOBAL COPPER PRIVATE LIMITED,TRANSFER FROM 3199856044300 / GLOBAL COPPER PRIVATE LIMITED,,1628099,-78162961.76,,,,,,,,,,,,,,,,,,,,,,,,,,,,,,,,,,,,,,,,,,,,,,,,,,,,,,,,,,,,,,,
10-Nov-22,10-Nov-22,BY TRANSFER-RTGS UTR NO: FDRLR52022111033393640- GLOBAL COPPER PRIVATE LIMITED,TRANSFER FROM 3199860044304 / GLOBAL COPPER PRIVATE LIMITED,,5000000,-73162961.76,,,,,,,,,,,,,,,,,,,,,,,,,,,,,,,,,,,,,,,,,,,,,,,,,,,,,,,,,,,,,,,
10-Nov-22,10-Nov-22,BY TRANSFER-RTGS UTR NO: FDRLR52022111033393658- GLOBAL COPPER PRIVATE LIMITED,TRANSFER FROM 3199856044300 / GLOBAL COPPER PRIVATE LIMITED,,5000000,-68162961.76,,,,,,,,,,,,,,,,,,,,,,,,,,,,,,,,,,,,,,,,,,,,,,,,,,,,,,,,,,,,,,,
10-Nov-22,10-Nov-22,CHQ TRANSFER-RTGS UTR NO: SBINR52022111014287292- 97275 RADHIKA CORE PROCESSING,97275 RADHIKA CORE PROCESSING,11500047.2 0,,-79663008.96,,,,,,,,,,,,,,,,,,,,,,,,,,,,,,,,,,,,,,,,,,,,,,,,,,,,,,,,,,,,,,,
10-Nov-22,10-Nov-22,BY TRANSFER- NEFT*HDFC0000240*N314222 201203439*MEW ELECTRICALS-,TRANSFER FROM 3199966044306,,2997000,-76666008.96,,,,,,,,,,,,,,,,,,,,,,,,,,,,,,,,,,,,,,,,,,,,,,,,,,,,,,,,,,,,,,,
11-Nov-22,11-Nov-22,BY TRANSFER-RTGS UTR NO: HDFCR52022111159435771- MEWELECTRICALSLTD,TRANSFER FROM 3199859044307 / MEWELECTRICA LSLTD,,4700608,-71965400.96,,,,,,,,,,,,,,,,,,,,,,,,,,,,,,,,,,,,,,,,,,,,,,,,,,,,,,,,,,,,,,,
11-Nov-22,11-Nov-22,CHQ TRANSFER-RTGS UTR NO: SBINR52022111114549517- 97276 LAXMI METAL SYNDICATE,97276 LAXMI METAL SYNDICATE,7500047.2,,-79465448.16,,,,,,,,,,,,,,,,,,,,,,,,,,,,,,,,,,,,,,,,,,,,,,,,,,,,,,,,,,,,,,,
14-Nov-22,14-Nov-22,BY TRANSFER-RTGS UTR NO: FDRLR52022111433398823- GLOBAL COPPER PRIVATE LIMITED,TRANSFER FROM 3199860044304 / GLOBAL COPPER PRIVATE LIMITED,,2000000,-77465448.16,,,,,,,,,,,,,,,,,,,,,,,,,,,,,,,,,,,,,,,,,,,,,,,,,,,,,,,,,,,,,,,
14-Nov-22,14-Nov-22,CHQ TRANSFER-RTGS UTR NO: SBINR52022111414826607- 97277 LAXMI METAL SYNDICATE,97277 LAXMI METAL SYNDICATE,2000047.2,,-79465495.36,,,,,,,,,,,,,,,,,,,,,,,,,,,,,,,,,,,,,,,,,,,,,,,,,,,,,,,,,,,,,,,
15-Nov-22,15-Nov-22,BY TRANSFER-RTGS UTR NO: FDRLR52022111533312190- GLOBAL COPPER PRIVATE LIMITED,TRANSFER FROM 3199859044307 / GLOBAL COPPER PRIVATE LIMITED,,5000000,-74465495.36,,,,,,,,,,,,,,,,,,,,,,,,,,,,,,,,,,,,,,,,,,,,,,,,,,,,,,,,,,,,,,,
15-Nov-22,15-Nov-22,BY TRANSFER-RTGS UTR NO: FDRLR52022111533312215- GLOBAL COPPER PRIVATE LIMITED,TRANSFER FROM 3199856044300 / GLOBAL COPPER PRIVATE LIMITED,,3000000,-71465495.36,,,,,,,,,,,,,,,,,,,,,,,,,,,,,,,,,,,,,,,,,,,,,,,,,,,,,,,,,,,,,,,
15-Nov-22,15-Nov-22,CHQ TRANSFER-RTGS UTR NO: SBINR52022111515084159- 97278 K B UDHYOG LLP,97278 K B UDHYOG LLP,5000047.2,,-76465542.56,,,,,,,,,,,,,,,,,,,,,,,,,,,,,,,,,,,,,,,,,,,,,,,,,,,,,,,,,,,,,,,
,,,,,,,,,,,,,,,,,,,,,,,,,,,,,,,,,,,,,,,,,,,,,,,,,,,,,,,,,,,,,,,,,,,,,
,,,,,,,,,,,,,,,,,,,,,,,,,,,,,,,,,,,,,,,,,,,,,,,,,,,,,,,,,,,,,,,,,,,,,
Page 3,,,,,,,,,,,,,,,,,,,,,,,,,,,,,,,,,,,,,,,,,,,,,,,,,,,,,,,,,,,,,,,,,,,,,
Txn Date Value Description Ref No./Cheque Debit Credit Balance Date No. 15 Nov 15 Nov CHQ TRANSFER-RTGS UTR 97279 LAXMI 35,,,,,,,000.00 -7,90,65,589.76 2022 2022 NO: FROM UTIBR52022111600299795- 3199856044300 / LAXMI METAL SYNDICATE LAXMI METAL SYNDICATE 16 Nov 16 Nov CHQ TRANSFER-RTGS UTR 97280 K B 9,0,047.20 -7,99,65,636.96 2022 2022 NO: UDHYOG LLP SBINR52022111615334035- 97280 K B UDHYOG LLP 18 Nov 18 Nov BY TRANSFER-RTGS UTR TRANSFER 11,50,000.00 -7,88,15,636.96 2022 2022 NO: FROM UTIBR52022111800177406- 3199859044307 / LAXMI METAL SYNDICATE LAXMI METAL SYNDICATE 18 Nov 18 Nov BY TRANSFER-RTGS UTR TRANSFER 13,0,000.00 -7,75,15,636.96 2022 2022 NO: FROM FDRLR52022111833320791- 3199859044307 / GLOBAL COPPER PRIVATE GLOBAL LIMITED COPPER PRIVATE LIMITED 18 Nov 18 Nov BY TRANSFER-INB MAD00018631377 40,000.00 -7,74,75,636.96 2022 2022 IMPS232215510664/99999999 4 99/XX4262/imps- MAD00018631377 4 18 Nov 18 Nov CHQ TRANSFER-RTGS UTR 97281 K B 25,4,642.20 -7,99,80,279.16 2022 2022 NO: UDHYOG LLP SBINR52022111815819180- 97281 K B UDHYOG LLP 19 Nov 19 Nov BY TRANSFER-RTGS UTR TRANSFER 50,0,000.00 -7,49,80,279.16 2022 2022 NO: FROM FDRLR52022111933321712- 3199856044300 / GLOBAL COPPER PRIVATE GLOBAL LIMITED COPPER PRIVATE LIMITED 19 Nov 19 Nov BY TRANSFER-RTGS UTR TRANSFER 10,0,000.00 -7,39,80,279.16 2022 2022 NO: FROM FDRLR52022111933321733- 3199859044307 / GLOBAL COPPER PRIVATE GLOBAL LIMITED COPPER PRIVATE LIMITED 19 Nov 19 Nov CHEQUE WDL- TRF-97282 TRANSFER 2,61,286.00 -7,42,41,565.16 2022 2022 FROM 10184847407 / 97282 19 Nov 19 Nov CHQ TRANSFER-RTGS UTR 97283 LAXMI 57,35,047.20 -7,99,76,612.36 2022 2022 NO: METAL SBINR52022111916024674- SYNDICATE 97283 LAXMI METAL SYNDICATE 23 Nov 23 Nov BY TRANSFER-RTGS UTR TRANSFER 39,39,378.00 -7,60,37,234.36 2022 2022 NO: FROM HDFCR52022112362335939- 3199856044300 / MEWELECTRICALSLTD MEWELECTRICA LSLTD 23 Nov 23 Nov CHQ TRANSFER-RTGS UTR 97284 LAXMI 39,35,047.20 -7,99,72,281.56 2022 2022 NO: METAL SBINR52022112316663572- SYNDICATE 97284 LAXMI METAL SYNDICATE 24 Nov 24 Nov BY TRANSFER-RTGS UTR TRANSFER 50,0,000.00 -7,49,72,281.56 2022 2022 NO: FROM FDRLR52022112433331509- 3199856044300 / GLOBAL COPPER PRIVATE GLOBAL LIMITED COPPER PRIVATE LIMITED
Txn Date,Value Date,Description,Ref No./Cheque No.,Debit,Credit,Balance,,,,,,,,,,,,,,,,,,,,,,,,,,,,,,,,,,,,,,,,,,,,,,,,,,,,,,,,,,,,,,,
15-Nov-22,15-Nov-22,CHQ TRANSFER-RTGS UTR NO: SBINR52022111515085488- 97279 LAXMI METAL SYNDICATE,97279 LAXMI METAL SYNDICATE,3500047.2,,-79965589.76,,,,,,,,,,,,,,,,,,,,,,,,,,,,,,,,,,,,,,,,,,,,,,,,,,,,,,,,,,,,,,,
16-Nov-22,16-Nov-22,BY TRANSFER-RTGS UTR NO: UTIBR52022111600299795- LAXMI METAL SYNDICATE,TRANSFER FROM 3199856044300 / LAXMI METAL SYNDICATE,,900000,-79065589.76,,,,,,,,,,,,,,,,,,,,,,,,,,,,,,,,,,,,,,,,,,,,,,,,,,,,,,,,,,,,,,,
16-Nov-22,16-Nov-22,CHQ TRANSFER-RTGS UTR NO: SBINR52022111615334035- 97280 K B UDHYOG LLP,97280 K B UDHYOG LLP,900047.2,,-79965636.96,,,,,,,,,,,,,,,,,,,,,,,,,,,,,,,,,,,,,,,,,,,,,,,,,,,,,,,,,,,,,,,
18-Nov-22,18-Nov-22,BY TRANSFER-RTGS UTR NO: UTIBR52022111800177406- LAXMI METAL SYNDICATE,TRANSFER FROM 3199859044307 / LAXMI METAL SYNDICATE,,1150000,-78815636.96,,,,,,,,,,,,,,,,,,,,,,,,,,,,,,,,,,,,,,,,,,,,,,,,,,,,,,,,,,,,,,,
18-Nov-22,18-Nov-22,BY TRANSFER-RTGS UTR NO: FDRLR52022111833320791- GLOBAL COPPER PRIVATE LIMITED,TRANSFER FROM 3199859044307 / GLOBAL COPPER PRIVATE LIMITED,,1300000,-77515636.96,,,,,,,,,,,,,,,,,,,,,,,,,,,,,,,,,,,,,,,,,,,,,,,,,,,,,,,,,,,,,,,
18-Nov-22,18-Nov-22,BY TRANSFER-INB IMPS232215510664/99999999 99/XX4262/imps-,MAD00018631377 4 MAD00018631377 4,,40000,-77475636.96,,,,,,,,,,,,,,,,,,,,,,,,,,,,,,,,,,,,,,,,,,,,,,,,,,,,,,,,,,,,,,,
18-Nov-22,18-Nov-22,CHQ TRANSFER-RTGS UTR NO: SBINR52022111815819180- 97281 K B UDHYOG LLP,97281 K B UDHYOG LLP,2504642.2,,-79980279.16,,,,,,,,,,,,,,,,,,,,,,,,,,,,,,,,,,,,,,,,,,,,,,,,,,,,,,,,,,,,,,,
19-Nov-22,19-Nov-22,BY TRANSFER-RTGS UTR NO: FDRLR52022111933321712- GLOBAL COPPER PRIVATE LIMITED,TRANSFER FROM 3199856044300 / GLOBAL COPPER PRIVATE LIMITED,,5000000,-74980279.16,,,,,,,,,,,,,,,,,,,,,,,,,,,,,,,,,,,,,,,,,,,,,,,,,,,,,,,,,,,,,,,
19-Nov-22,19-Nov-22,BY TRANSFER-RTGS UTR NO: FDRLR52022111933321733- GLOBAL COPPER PRIVATE LIMITED,TRANSFER FROM 3199859044307 / GLOBAL COPPER PRIVATE LIMITED,,1000000,-73980279.16,,,,,,,,,,,,,,,,,,,,,,,,,,,,,,,,,,,,,,,,,,,,,,,,,,,,,,,,,,,,,,,
19-Nov-22,19-Nov-22,CHEQUE WDL- TRF-97282,TRANSFER FROM 10184847407 / 97282,261286,,-74241565.16,,,,,,,,,,,,,,,,,,,,,,,,,,,,,,,,,,,,,,,,,,,,,,,,,,,,,,,,,,,,,,,
19-Nov-22,19-Nov-22,CHQ TRANSFER-RTGS UTR NO: SBINR52022111916024674- 97283 LAXMI METAL SYNDICATE,97283 LAXMI METAL SYNDICATE,5735047.2,,-79976612.36,,,,,,,,,,,,,,,,,,,,,,,,,,,,,,,,,,,,,,,,,,,,,,,,,,,,,,,,,,,,,,,
23-Nov-22,23-Nov-22,BY TRANSFER-RTGS UTR NO: HDFCR52022112362335939- MEWELECTRICALSLTD,TRANSFER FROM 3199856044300 / MEWELECTRICA LSLTD,,3939378,-76037234.36,,,,,,,,,,,,,,,,,,,,,,,,,,,,,,,,,,,,,,,,,,,,,,,,,,,,,,,,,,,,,,,
23-Nov-22,23-Nov-22,CHQ TRANSFER-RTGS UTR NO: SBINR52022112316663572- 97284 LAXMI METAL SYNDICATE,97284 LAXMI METAL SYNDICATE,3935047.2,,-79972281.56,,,,,,,,,,,,,,,,,,,,,,,,,,,,,,,,,,,,,,,,,,,,,,,,,,,,,,,,,,,,,,,
24-Nov-22,24-Nov-22,BY TRANSFER-RTGS UTR NO: FDRLR52022112433331509- GLOBAL COPPER PRIVATE LIMITED,TRANSFER FROM 3199856044300 / GLOBAL COPPER PRIVATE LIMITED,,5000000,-74972281.56,,,,,,,,,,,,,,,,,,,,,,,,,,,,,,,,,,,,,,,,,,,,,,,,,,,,,,,,,,,,,,,
,,,,,,,,,,,,,,,,,,,,,,,,,,,,,,,,,,,,,,,,,,,,,,,,,,,,,,,,,,,,,,,,,,,,,
,,,,,,,,,,,,,,,,,,,,,,,,,,,,,,,,,,,,,,,,,,,,,,,,,,,,,,,,,,,,,,,,,,,,,
Page 4,,,,,,,,,,,,,,,,,,,,,,,,,,,,,,,,,,,,,,,,,,,,,,,,,,,,,,,,,,,,,,,,,,,,,
Txn Date Value Description Ref No./Cheque Debit Credit Balance Date No. 24 Nov 24 Nov BY TRANSFER-RTGS UTR TRANSFER 15,,,,,,,625.20 -7,58,35,906.76 2022 2022 NO: UDHYOG LLP SBINR52022112416849011- 97285 K B UDHYOG LLP 24 Nov 24 Nov CHQ TRANSFER-RTGS UTR 97286 LAXMI 41,35,047.20 -7,99,70,953.96 2022 2022 NO: METAL SBINR52022112416849898- SYNDICATE 97286 LAXMI METAL SYNDICATE 29 Nov 29 Nov BY TRANSFER-RTGS UTR TRANSFER 25,0,000.00 -7,74,70,953.96 2022 2022 NO: FROM FDRLR52022112933339504- 3199860044304 / GLOBAL COPPER PRIVATE GLOBAL LIMITED COPPER PRIVATE LIMITED 29 Nov 29 Nov BY TRANSFER-RTGS UTR TRANSFER 50,0,000.00 -7,24,70,953.96 2022 2022 NO: FROM FDRLR52022112933339518- 3199859044307 / GLOBAL COPPER PRIVATE GLOBAL LIMITED COPPER PRIVATE LIMITED 29 Nov 29 Nov CHQ TRANSFER-RTGS UTR 97287 VIKAS 30,0,047.20 -7,54,71,001.16 2022 2022 NO: ASSOCIATES SBINR52022112917700100- 97287 VIKAS ASSOCIATES 29 Nov 29 Nov CHQ TRANSFER-RTGS UTR 97288 GANESH 45,0,047.20 -7,99,71,048.36 2022 2022 NO: METAL SBINR52022112917700878- CORPORATION 97288 GANESH METAL CORPORATION 30 Nov 30 Nov BY TRANSFER-RTGS UTR TRANSFER 6,0,000.00 -7,93,71,048.36 2022 2022 NO: FROM UTIBR52022113000272518- 3199856044300 / LAXMI METAL SYNDICATE LAXMI METAL SYNDICATE 30 Nov 30 Nov DEBIT INTEREST-- 6,31,164.00 -8,0,2,212.36 2022 2022 (cid:9)(cid:9)(cid:9)(cid:9)(cid:9)(cid:9) Please do not share your ATM, Debit/Credit card number, PIN (Personal Identification Number) and OTP (One Time Password) with anyone over mail, SMS, phone call or any other media. Bank never asks for such information. (cid:9)(cid:9) **This is a computer generated statement and does not require a signature.,,,,,,,,,,,,,,,,,,,,
Txn Date,Value Date,Description,Ref No./Cheque No.,Debit,Credit,Balance,,,,,,,,,,,,,,,,,,,,,,,,,,,,,,,,,,,,,,,,,,,,,,,,,,,,,,,,,,,,,,,
24-Nov-22,24-Nov-22,BY TRANSFER-RTGS UTR NO: FDRLR52022112433331508- GLOBAL COPPER PRIVATE LIMITED,TRANSFER FROM 3199859044307 / GLOBAL COPPER PRIVATE LIMITED,,1500000,-73472281.56,,,,,,,,,,,,,,,,,,,,,,,,,,,,,,,,,,,,,,,,,,,,,,,,,,,,,,,,,,,,,,,
24-Nov-22,24-Nov-22,CHQ TRANSFER-RTGS UTR NO: SBINR52022112416849011- 97285 K B UDHYOG LLP,97285 K B UDHYOG LLP,2363625.2,,-75835906.76,,,,,,,,,,,,,,,,,,,,,,,,,,,,,,,,,,,,,,,,,,,,,,,,,,,,,,,,,,,,,,,
24-Nov-22,24-Nov-22,CHQ TRANSFER-RTGS UTR NO: SBINR52022112416849898- 97286 LAXMI METAL SYNDICATE,97286 LAXMI METAL SYNDICATE,4135047.2,,-79970953.96,,,,,,,,,,,,,,,,,,,,,,,,,,,,,,,,,,,,,,,,,,,,,,,,,,,,,,,,,,,,,,,
29-Nov-22,29-Nov-22,BY TRANSFER-RTGS UTR NO: FDRLR52022112933339504- GLOBAL COPPER PRIVATE LIMITED,TRANSFER FROM 3199860044304 / GLOBAL COPPER PRIVATE LIMITED,,2500000,-77470953.96,,,,,,,,,,,,,,,,,,,,,,,,,,,,,,,,,,,,,,,,,,,,,,,,,,,,,,,,,,,,,,,
29-Nov-22,29-Nov-22,BY TRANSFER-RTGS UTR NO: FDRLR52022112933339518- GLOBAL COPPER PRIVATE LIMITED,TRANSFER FROM 3199859044307 / GLOBAL COPPER PRIVATE LIMITED,,5000000,-72470953.96,,,,,,,,,,,,,,,,,,,,,,,,,,,,,,,,,,,,,,,,,,,,,,,,,,,,,,,,,,,,,,,
29-Nov-22,29-Nov-22,CHQ TRANSFER-RTGS UTR NO: SBINR52022112917700100- 97287 VIKAS ASSOCIATES,97287 VIKAS ASSOCIATES,3000047.2,,-75471001.16,,,,,,,,,,,,,,,,,,,,,,,,,,,,,,,,,,,,,,,,,,,,,,,,,,,,,,,,,,,,,,,
29-Nov-22,29-Nov-22,CHQ TRANSFER-RTGS UTR NO: SBINR52022112917700878- 97288 GANESH METAL CORPORATION,97288 GANESH METAL CORPORATION,4500047.2,,-79971048.36,,,,,,,,,,,,,,,,,,,,,,,,,,,,,,,,,,,,,,,,,,,,,,,,,,,,,,,,,,,,,,,
30-Nov-22,30-Nov-22,BY TRANSFER-RTGS UTR NO: UTIBR52022113000272518- LAXMI METAL SYNDICATE,TRANSFER FROM 3199856044300 / LAXMI METAL SYNDICATE,,600000,-79371048.36,,,,,,,,,,,,,,,,,,,,,,,,,,,,,,,,,,,,,,,,,,,,,,,,,,,,,,,,,,,,,,,
30-Nov-22,30-Nov-22,DEBIT INTEREST--,,631164,,-80002212.36,,,,,,,,,,,,,,,,,,,,,,,,,,,,,,,,,,,,,,,,,,,,,,,,,,,,,,,,,,,,,,,
